Sample,X,Y,Z
0,-0.9888,0.0181,-0.0425
1,-0.9900,0.0154,-0.0029
2,-0.9983,0.0208,-0.0073
3,-1.0002,0.0200,-0.0315
4,-0.9993,0.0154,0.0095
5,-0.9956,0.0095,-0.0166
6,-0.9966,0.0146,-0.0232
7,-1.0034,0.0283,0.0010
8,-0.9954,0.0244,-0.0139
9,-0.9917,0.0085,-0.0146
10,-1.0002,0.0090,-0.0100
11,-0.9954,0.0234,-0.0110
12,-1.0012,0.0303,0.0017
13,-1.0002,0.0217,-0.0186
14,-0.9963,0.0117,-0.0063
15,-0.9993,0.0061,-0.0100
16,-0.9885,0.0178,-0.0208
17,-0.9976,0.0251,-0.0078
18,-1.0012,0.0237,0.0010
19,-0.9905,0.0222,-0.0220
20,-0.9954,0.0149,-0.0188
21,-0.9995,0.0188,0.0017
22,-1.0024,0.0112,-0.0120
23,-1.0024,0.0012,-0.0247
24,-0.9924,0.0225,-0.0029
25,-0.9973,0.0364,-0.0186
26,-0.9995,0.0229,-0.0002
27,-0.9924,0.0095,-0.0090
28,-0.9976,-0.0007,-0.0244
29,-1.0022,0.0103,-0.0015
30,-1.0020,0.0249,-0.0095
31,-0.9954,0.0312,-0.0129
32,-0.9993,0.0244,-0.0164
33,-1.0012,0.0171,-0.0176
34,-0.9973,0.0046,-0.0049
35,-1.0020,0.0071,-0.0164
36,-0.9956,0.0210,-0.0024
37,-1.0042,0.0334,-0.0083
38,-1.0022,0.0232,-0.0117
39,-0.9976,0.0166,-0.0203
40,-0.9956,0.0046,-0.0193
41,-0.9973,0.0083,-0.0010
42,-0.9927,0.0242,-0.0198
43,-0.9956,0.0303,-0.0110
44,-1.0032,0.0208,-0.0085
45,-1.0034,0.0078,-0.0085
46,-0.9985,0.0076,-0.0095
47,-0.9937,0.0183,-0.0166
48,-0.9924,0.0242,-0.0054
49,-1.0005,0.0154,-0.0029
50,-0.9954,0.0122,-0.0095
51,-0.9946,0.0176,-0.0229
52,-1.0032,0.0220,-0.0071
53,-0.9946,0.0242,-0.0051
54,-0.9897,0.0112,-0.0222
55,-0.9983,0.0056,-0.0010
56,-1.0002,0.0186,-0.0098
57,-0.9937,0.0247,-0.0171
58,-0.9937,0.0146,-0.0029
59,-0.9963,0.0125,-0.0107
60,-0.9934,0.0273,-0.0239
61,-0.9949,0.0276,-0.0007
62,-1.0007,0.0085,-0.0063
63,-0.9963,0.0022,-0.0232
64,-0.9956,0.0115,-0.0144
65,-0.9954,0.0310,-0.0017
66,-0.9983,0.0413,-0.0059
67,-0.9983,0.0120,-0.0054
68,-1.0012,-0.0083,-0.0193
69,-0.9985,0.0024,-0.0205
70,-0.9973,0.0281,0.0000
71,-1.0012,0.0476,0.0002
72,-1.0012,0.0264,-0.0283
73,-1.0024,-0.0054,-0.0056
74,-0.9976,0.0027,-0.0098
75,-1.0042,0.0244,-0.0237
76,-1.0032,0.0217,0.0068
77,-0.9983,0.0200,-0.0178
78,-1.0002,0.0176,-0.0229
79,-1.0002,0.0085,0.0039
80,-0.9966,0.0200,-0.0337
81,-0.9963,0.0283,-0.0059
82,-1.0051,0.0066,0.0015
83,-0.9995,-0.0024,-0.0305
84,-0.9973,0.0159,-0.0181
85,-1.0024,0.0337,-0.0083
86,-1.0002,0.0330,-0.0051
87,-0.9995,0.0129,-0.0159
88,-1.0022,-0.0039,-0.0168
89,-0.9966,0.0127,-0.0054
90,-0.9905,0.0222,-0.0164
91,-0.9954,0.0234,-0.0103
92,-1.0017,0.0229,-0.0095
93,-0.9946,0.0198,-0.0217
94,-1.0022,0.0107,0.0098
95,-0.9976,0.0005,-0.0088
96,-0.9866,0.0051,-0.0364
97,-1.0012,0.0271,0.0024
98,-1.0002,0.0371,0.0015
99,-0.9954,0.0251,-0.0212
100,-0.9993,0.0063,-0.0098
101,-0.9995,-0.0059,-0.0088
102,-0.9954,0.0076,-0.0232
103,-0.9956,0.0317,-0.0020
104,-0.9966,0.0320,-0.0049
105,-0.9980,0.0144,-0.0107
106,-0.9954,0.0120,-0.0088
107,-0.9927,0.0210,-0.0142
108,-1.0042,0.0168,0.0010
109,-1.0034,0.0115,-0.0098
110,-0.9907,0.0186,-0.0154
111,-1.0022,-0.0337,-0.0020
112,-0.9966,-0.0847,-0.0276
113,-0.9797,-0.0122,-0.0447
114,-0.9827,0.2131,-0.0081
115,-0.9973,0.5125,0.0159
116,-1.0239,0.4897,0.0735
117,-1.0249,0.1660,0.0222
118,-0.9973,-0.0388,-0.1570
119,-0.9895,0.0466,-0.0742
120,-1.0247,0.2395,0.0745
121,-0.9983,0.2615,-0.0034
122,-0.9509,0.1150,-0.0933
123,-0.9585,0.0730,-0.0688
124,-0.9648,0.1848,-0.0027
125,-0.9722,0.2700,0.0620
126,-0.9963,0.2283,0.0432
127,-0.9897,0.1318,-0.0818
128,-1.0132,0.1216,-0.0325
129,-1.0503,0.1685,0.0745
130,-1.0122,0.1367,-0.0120
131,-1.0334,0.0222,0.0100
132,-1.0364,-0.0295,-0.0247
133,-1.0132,0.0491,-0.0261
134,-1.0188,0.1970,0.0596
135,-0.9819,0.2759,0.0317
136,-0.9553,0.2407,0.0090
137,-0.9546,0.1602,0.0037
138,-0.9429,0.1177,-0.0002
139,-0.9387,0.1328,0.0227
140,-0.9526,0.1162,0.0027
141,-0.9751,0.0461,-0.0164
142,-1.0054,-0.0076,-0.0200
143,-1.0173,0.0254,-0.0215
144,-1.0229,0.1079,0.0000
145,-1.0142,0.1567,-0.0100
146,-1.0029,0.1416,-0.0413
147,-0.9917,0.1301,-0.0479
148,-0.9946,0.1709,-0.0583
149,-0.9973,0.2012,-0.0249
150,-0.9868,0.1565,-0.0356
151,-0.9937,0.0647,-0.0796
152,-0.9895,0.0149,-0.0586
153,-0.9858,0.0015,-0.0339
154,-0.9963,0.0085,-0.0259
155,-0.9907,0.0173,-0.0486
156,-0.9934,0.0544,-0.0322
157,-0.9983,0.1482,-0.0337
158,-0.9956,0.2822,-0.0112
159,-1.0034,0.3618,0.0195
160,-1.0073,0.3062,-0.0076
161,-1.0181,0.1860,-0.0022
162,-1.0337,0.0581,0.0068
163,-1.0237,-0.0479,-0.0093
164,-1.0151,-0.0935,-0.0176
165,-1.0042,-0.0542,0.0037
166,-0.9810,0.0669,0.0244
167,-0.9573,0.2009,0.0474
168,-0.9419,0.2964,0.0647
169,-0.9485,0.3152,0.0405
170,-0.9731,0.2583,0.0352
171,-0.9875,0.1387,0.0220
172,-1.0200,0.0276,-0.0203
173,-1.0415,-0.0061,-0.0085
174,-1.0205,0.0540,-0.0371
175,-1.0061,0.1582,-0.0359
176,-1.0081,0.1912,0.0237
177,-1.0076,0.1511,-0.0149
178,-0.9976,0.1094,-0.0315
179,-0.9683,0.0862,-0.0439
180,-0.9741,0.1108,-0.0249
181,-0.9543,0.1750,-0.0559
182,-0.9463,0.2554,-0.0461
183,-0.9543,0.2859,-0.0046
184,-0.9573,0.1863,-0.0134
185,-0.9858,0.0115,-0.0483
186,-1.0024,-0.1189,-0.0747
187,-1.0132,-0.0879,-0.0518
188,-1.0374,0.0986,-0.0107
189,-1.0190,0.2852,0.0117
190,-0.9976,0.2905,0.0061
191,-0.9915,0.1226,-0.0186
192,-0.9719,-0.0681,-0.0132
193,-0.9377,-0.0796,-0.0220
194,-0.9663,0.0901,0.0042
195,-1.0032,0.2625,0.0571
196,-1.0295,0.2539,0.0437
197,-1.0347,0.0564,-0.0090
198,-1.0432,-0.1318,-0.0278
199,-1.0151,-0.0869,-0.0188
200,-0.9783,0.1326,-0.0178
201,-1.0112,0.2810,0.0393
202,-1.0493,0.2034,0.0305
203,-1.0344,0.0691,-0.0857
204,-0.9819,0.0984,-0.0750
205,-0.9829,0.3032,-0.0059
206,-0.9819,0.4448,0.0310
207,-0.9966,0.3286,0.0125
208,-0.9976,0.0186,-0.0569
209,-0.9836,-0.1169,-0.1252
210,-1.0059,0.0715,-0.0618
211,-1.0276,0.2849,0.0718
212,-1.0315,0.2058,0.0500
213,-1.0112,-0.0505,-0.0835
214,-0.9534,-0.1189,-0.0974
215,-0.9429,0.1238,-0.0166
216,-0.9751,0.3550,0.0852
217,-0.9998,0.2322,0.0962
218,-1.0142,-0.0715,-0.0449
219,-0.9907,-0.0930,-0.1038
220,-0.9937,0.1836,0.0298
221,-1.0266,0.3152,0.1372
222,-1.0276,0.0640,0.0420
223,-0.9612,-0.2007,-0.1252
224,-0.9514,-0.0203,-0.1094
225,-0.9819,0.4087,0.0664
226,-0.9849,0.4995,0.1384
227,-0.9651,0.1592,-0.0281
228,-0.9446,-0.0793,-0.1721
229,-0.9797,0.0510,-0.0520
230,-1.0132,0.2168,0.1130
231,-0.9998,0.1111,0.0110
232,-0.9553,-0.0659,-0.1692
233,-0.9885,-0.0129,-0.1045
234,-1.0669,0.1421,0.0618
235,-1.0513,0.1948,0.0347
236,-0.9829,0.1479,-0.0864
237,-0.9946,0.1567,-0.0718
238,-1.0647,0.1323,0.0671
239,-1.0503,0.0618,0.0491
240,-0.9214,0.1599,-0.0925
241,-0.8970,0.3062,-0.0596
242,-1.0464,0.2388,0.1042
243,-1.0757,0.0432,0.0432
244,-0.9585,0.0061,-0.1162
245,-0.9136,0.1230,-0.0217
246,-1.0281,0.1570,0.1143
247,-0.9836,0.1516,-0.0110
248,-0.9104,0.1990,-0.1064
249,-0.9829,0.2065,0.0432
250,-1.0784,0.1399,0.1057
251,-1.0120,0.0884,-0.0801
252,-0.9868,0.0493,-0.0637
253,-1.0806,-0.0208,0.0764
254,-1.0513,-0.0146,-0.0312
255,-0.9312,0.0723,-0.1106
256,-0.9846,0.0984,0.0029
257,-1.0308,0.0710,-0.0044
258,-0.9644,0.1035,-0.0732
259,-0.9680,0.1870,0.0015
260,-1.0317,0.2090,0.0264
261,-0.9436,0.2380,-0.0603
262,-0.9192,0.2371,-0.0613
263,-0.9839,0.0991,0.0300
264,-0.9849,-0.0217,-0.0640
265,-0.9741,0.0225,-0.1028
266,-1.0229,0.0811,0.0432
267,-1.0679,0.0581,0.0190
268,-0.9927,0.0569,-0.0894
269,-0.9358,0.0745,-0.0225
270,-0.9983,0.0835,0.0647
271,-0.9819,0.0479,-0.0244
272,-0.9736,-0.0630,-0.0203
273,-1.0249,-0.1687,0.0051
274,-1.0051,-0.1243,-0.0422
275,-0.9758,-0.0256,0.0330
276,-0.9719,-0.0725,0.0859
277,-0.9790,-0.1416,-0.0212
278,-0.9976,-0.0466,-0.0112
279,-1.0413,0.0747,0.0615
280,-1.0229,0.2095,-0.0044
281,-1.0042,0.2966,-0.0730
282,-1.0200,0.1812,0.0454
283,-1.0142,-0.0520,0.0056
284,-0.9417,-0.1509,-0.1121
285,-0.9692,-0.0896,-0.0364
286,-1.0276,-0.0117,0.0234
287,-0.9937,0.0767,-0.0820
288,-0.9858,0.0593,-0.0361
289,-1.0442,-0.0525,0.0659
290,-0.9595,-0.0752,-0.0752
291,-0.9563,0.0242,-0.0730
292,-1.0608,0.0740,0.1013
293,-1.0725,0.0469,-0.0342
294,-1.0181,0.0530,-0.1392
295,-1.0474,-0.0085,0.0420
296,-1.0571,-0.0984,0.0303
297,-0.9656,-0.1475,-0.1113
298,-1.0103,-0.1497,0.0156
299,-1.0500,-0.0632,0.0518
300,-0.9729,0.1282,-0.0916
301,-0.9585,0.2026,0.0217
302,-0.9507,0.1399,0.1021
303,-0.9446,0.0886,-0.0603
304,-0.9517,0.0952,-0.0005
305,-1.0403,0.0688,0.0984
306,-1.0090,0.0928,-0.0542
307,-0.9915,0.1250,-0.0750
308,-1.0425,0.0234,0.0637
309,-1.0159,-0.1123,0.0134
310,-0.9661,-0.1292,-0.0762
311,-0.9504,-0.0762,0.0364
312,-0.9692,-0.0305,0.0171
313,-0.9297,0.0730,-0.0923
314,-0.9448,0.0530,0.0432
315,-0.9585,-0.0566,0.0803
316,-0.9263,-0.0469,-0.0969
317,-0.9680,0.0239,-0.0061
318,-1.0784,0.0645,0.1265
319,-1.0728,0.1394,-0.0725
320,-0.9993,0.1589,-0.1028
321,-1.0776,0.0366,0.0779
322,-1.0483,-0.0869,-0.0308
323,-0.9690,-0.1162,-0.1165
324,-1.0229,-0.1692,0.0706
325,-1.0120,-0.1416,-0.0229
326,-0.9368,0.0437,-0.1389
327,-0.9456,0.1106,0.0747
328,-0.9761,0.0356,0.0608
329,-0.9553,-0.0059,-0.1038
330,-1.0054,0.0208,0.0386
331,-1.0715,0.0603,0.0613
332,-1.0405,0.1509,-0.1230
333,-1.0601,0.1973,-0.0103
334,-1.1060,0.0554,0.0708
335,-1.0005,-0.0845,-0.1206
336,-0.9836,-0.1064,-0.0884
337,-1.0334,-0.0818,0.0728
338,-0.9875,0.0037,-0.0623
339,-0.9077,0.1602,-0.0940
340,-0.9321,0.1616,0.0889
341,-0.9290,0.0535,0.0132
342,-0.9302,0.0278,-0.1016
343,-1.0259,0.0632,0.1011
344,-1.0754,0.0217,0.0847
345,-1.0237,0.0398,-0.1541
346,-1.0540,0.0339,-0.0288
347,-1.0764,-0.0330,0.0698
348,-1.0278,-0.0776,-0.0869
349,-0.9878,-0.1360,-0.0320
350,-0.9751,-0.1882,0.0750
351,-0.9036,-0.0928,-0.1064
352,-0.8684,0.0862,-0.0581
353,-0.9329,0.0996,0.1450
354,-0.9155,0.0330,0.0137
355,-0.8958,0.0127,-0.0938
356,-1.0061,0.0017,0.0601
357,-1.0845,0.0457,0.0474
358,-1.0608,0.1882,-0.1064
359,-1.0737,0.2065,0.0076
360,-1.0608,0.0178,0.0298
361,-1.0366,-0.1343,-0.1104
362,-1.0110,-0.1577,-0.0479
363,-0.9670,-0.1299,0.0447
364,-0.9238,-0.0205,-0.0845
365,-0.9253,0.1167,-0.0593
366,-0.9573,0.0496,0.0933
367,-0.9438,-0.0342,-0.0195
368,-0.9644,0.0054,-0.0659
369,-1.0471,0.0342,0.0796
370,-1.0894,0.0659,0.0085
371,-1.0735,0.1467,-0.1296
372,-1.1177,0.1536,0.0168
373,-1.1206,0.0457,0.0718
374,-1.0103,-0.0505,-0.1106
375,-0.9741,-0.1118,-0.0537
376,-1.0188,-0.1125,0.0835
377,-0.9338,0.0427,-0.0847
378,-0.8840,0.1804,-0.0369
379,-0.9417,0.1194,0.1104
380,-0.9319,0.0022,-0.0225
381,-0.9661,-0.0464,-0.0725
382,-1.0591,-0.0569,0.0930
383,-1.0891,0.0195,-0.0203
384,-1.0562,0.1333,-0.1208
385,-1.0952,0.0884,0.0305
386,-1.0315,-0.0203,-0.0151
387,-0.9771,-0.0825,-0.1440
388,-0.9834,-0.1050,0.0117
389,-0.9758,-0.1038,0.0242
390,-0.8884,-0.0381,-0.1165
391,-0.8853,0.0176,0.0144
392,-0.9116,-0.0322,0.0718
393,-0.8804,-0.0276,-0.0513
394,-0.9683,-0.0042,-0.0051
395,-1.0513,0.0051,0.0823
396,-1.0640,0.0874,-0.0679
397,-1.0796,0.2036,-0.0525
398,-1.0962,0.1511,0.0852
399,-1.0347,-0.0037,-0.0303
400,-1.0171,-0.0691,-0.0938
401,-1.0217,-0.1057,0.0466
402,-1.0159,-0.0894,0.0217
403,-0.9175,0.0425,-0.1128
404,-0.9006,0.0530,0.0330
405,-0.9585,-0.0659,0.0457
406,-0.9370,-0.0637,-0.0496
407,-0.9543,0.0452,0.0005
408,-1.0291,0.1106,0.0725
409,-1.0823,0.1418,-0.0647
410,-1.0754,0.1924,-0.0627
411,-1.0728,0.1372,0.0203
412,-1.0747,0.0271,-0.0247
413,-1.0237,-0.0618,-0.0854
414,-1.0161,-0.1418,-0.0415
415,-0.9976,-0.0703,-0.0505
416,-0.9504,0.1008,-0.0715
417,-0.9116,0.1079,0.0083
418,-0.9204,0.0117,0.0139
419,-0.9253,-0.0029,-0.0566
420,-0.9561,0.0137,0.0137
421,-1.0366,-0.0044,0.0762
422,-1.0562,0.0435,-0.0471
423,-1.0383,0.0876,-0.0583
424,-1.0579,0.0620,0.0518
425,-1.0374,0.0078,0.0000
426,-1.0112,-0.1099,-0.0342
427,-1.0032,-0.2339,0.0000
428,-0.9622,-0.1519,-0.0789
429,-0.8931,0.0620,-0.0867
430,-0.9570,0.1133,0.1096
431,-0.9338,0.0312,0.0544
432,-0.8843,0.0154,-0.1245
433,-0.9683,0.0396,0.0381
434,-1.0806,0.0850,0.1208
435,-1.0063,0.2017,-0.0908
436,-1.0044,0.2271,-0.0427
437,-1.1116,0.0310,0.0703
438,-1.0354,-0.0889,-0.0732
439,-0.9790,-0.0715,-0.0815
440,-1.0120,-0.0557,0.0554
441,-0.9756,-0.0215,-0.0649
442,-0.9312,0.0679,-0.1145
443,-0.9546,0.0596,0.0671
444,-0.9407,-0.0215,0.0129
445,-0.9390,-0.0176,-0.0830
446,-1.0103,0.0120,0.0735
447,-1.0620,0.0249,0.0261
448,-1.0471,0.1287,-0.0840
449,-1.0815,0.1555,0.0322
450,-1.0969,0.0217,0.0691
451,-1.0151,-0.0903,-0.0803
452,-1.0259,-0.1355,-0.0510
453,-0.9973,-0.1316,0.0383
454,-0.9780,-0.0237,-0.0813
455,-0.9402,0.0928,-0.0674
456,-0.9006,0.0344,0.0413
457,-0.9006,-0.0391,-0.0344
458,-0.9595,-0.0549,-0.0413
459,-0.9827,-0.0193,0.0432
460,-1.0825,0.0405,-0.0171
461,-1.1060,0.2153,-0.0273
462,-1.0784,0.2263,-0.0032
463,-1.0569,0.0747,0.0020
464,-1.0259,-0.0632,-0.0593
465,-1.0002,-0.1194,-0.0566
466,-0.9631,-0.0981,-0.0203
467,-0.9543,0.0549,-0.0447
468,-0.9250,0.1521,-0.0371
469,-0.9016,0.0564,0.0410
470,-0.9006,-0.0583,0.0098
471,-0.9250,-0.0400,-0.0327
472,-0.9895,0.0271,0.0601
473,-1.0630,0.1045,0.0515
474,-1.0559,0.1960,-0.0459
475,-1.0845,0.1321,0.0125
476,-1.0571,-0.0303,0.0276
477,-1.0081,-0.1055,-0.0491
478,-1.0159,-0.1060,-0.0110
479,-1.0132,-0.0850,0.0186
480,-0.9387,0.0483,-0.0793
481,-0.9329,0.1079,-0.0254
482,-0.9387,0.0024,0.0774
483,-0.9077,-0.0598,-0.0439
484,-0.9224,-0.0286,-0.0503
485,-1.0354,-0.0095,0.0833
486,-1.0659,0.0554,-0.0190
487,-1.0503,0.1682,-0.0894
488,-1.1174,0.1179,0.0581
489,-1.0969,-0.0261,0.0144
490,-1.0227,-0.0908,-0.0989
491,-0.9878,-0.1008,-0.0537
492,-1.0020,-0.0454,-0.0146
493,-0.9719,0.0999,-0.0627
494,-0.9407,0.1130,0.0146
495,-0.9233,-0.0208,0.0229
496,-0.9097,-0.0667,-0.0674
497,-0.9768,-0.0337,0.0208
498,-1.0442,0.0117,0.0691
499,-1.0386,0.0815,-0.0627
500,-1.0569,0.1677,-0.0352
501,-1.0786,0.0720,0.0437
502,-1.0229,-0.0493,-0.0520
503,-0.9810,-0.0583,-0.0459
504,-1.0300,-0.0376,0.0149
505,-0.9741,0.0181,-0.0498
506,-0.9241,0.1174,-0.0918
507,-0.9771,0.0820,0.0237
508,-0.9543,-0.0632,0.0381
509,-0.9182,-0.1252,-0.0659
510,-0.9417,-0.1089,-0.0005
511,-1.0205,-0.0444,0.0479
512,-1.0249,0.0933,-0.0266
513,-1.0190,0.1851,-0.0259
514,-1.0471,0.0886,0.0352
515,-1.0188,-0.0056,-0.0002
516,-0.9758,-0.0452,-0.0605
517,-0.9993,-0.0837,-0.0122
518,-0.9944,-0.0547,-0.0225
519,-0.9795,0.0813,-0.0449
520,-0.9370,0.1023,0.0093
521,-0.9309,0.0002,0.0088
522,-0.9595,-0.0432,-0.0366
523,-0.9954,-0.0393,0.0178
524,-1.0239,0.0061,0.0320
525,-1.0425,0.1350,-0.0435
526,-1.0601,0.1821,0.0054
527,-1.0413,0.0725,0.0100
528,-1.0071,-0.0103,-0.0701
529,-1.0054,-0.0034,-0.0447
530,-1.0334,-0.0054,0.0288
531,-1.0200,0.0103,-0.0449
532,-0.9731,0.0640,-0.0679
533,-0.9592,0.0171,-0.0066
534,-0.9202,-0.0566,-0.0205
535,-0.9263,-0.0242,-0.0366
536,-0.9897,0.0056,0.0208
537,-1.1313,0.0405,0.0420
538,-1.0559,0.1345,0.0059
539,-1.0198,0.1516,-0.0278
540,-1.0337,0.0413,0.0217
541,-1.0083,-0.0659,-0.0044
542,-0.9846,-0.1060,-0.0618
543,-1.0159,-0.0791,0.0210
544,-0.9749,0.0227,-0.0249
545,-0.9456,0.0503,-0.0762
546,-0.9790,-0.0750,0.0596
547,-0.9387,-0.1387,-0.0122
548,-0.9209,-0.0859,-0.0718
549,-1.0054,-0.0190,0.0781
550,-1.0439,0.0508,0.0171
551,-1.0220,0.1499,-0.0857
552,-1.0503,0.1235,0.0303
553,-1.0432,-0.0188,0.0227
554,-0.9817,-0.1040,-0.0781
555,-0.9944,-0.1387,-0.0083
556,-1.0171,-0.1272,-0.0110
557,-0.9729,0.0254,-0.0872
558,-0.9604,0.1472,0.0132
559,-0.9468,0.0747,0.0483
560,-0.9390,-0.0005,-0.0615
561,-0.9534,0.0183,0.0007
562,-1.0266,0.0442,0.0703
563,-1.0276,0.0999,-0.0305
564,-1.0757,0.1802,-0.0110
565,-1.1060,0.1008,0.0488
566,-1.0142,-0.0325,-0.0234
567,-0.9661,-0.0498,-0.0596
568,-1.0110,-0.0249,0.0217
569,-1.0198,-0.0129,0.0247
570,-0.9653,0.0884,-0.0608
571,-0.9221,0.1260,-0.0352
572,-0.9585,0.0549,0.0330
573,-0.9797,0.0161,-0.0139
574,-0.9690,0.0237,-0.0034
575,-1.0110,-0.0420,-0.0034
576,-1.0784,0.0168,-0.0540
577,-1.0454,0.1406,-0.0371
578,-1.0239,0.0945,-0.0171
579,-1.0286,-0.0137,-0.0085
580,-1.0081,-0.0549,-0.0593
581,-1.0190,-0.0918,-0.0344
582,-0.9934,-0.1025,-0.0105
583,-0.9280,-0.0242,-0.0671
584,-0.9351,0.0054,-0.0144
585,-0.9299,-0.0574,0.0530
586,-0.9253,-0.0754,-0.0320
587,-0.9954,-0.0693,-0.0039
588,-1.0481,-0.0652,0.0508
589,-1.0562,0.0986,-0.0293
590,-1.0259,0.2339,-0.0337
591,-1.0286,0.1318,0.0605
592,-0.9897,-0.0142,-0.0046
593,-0.9290,-0.0439,-0.0745
594,-0.9858,-0.0286,0.0505
595,-1.0083,-0.0046,0.0244
596,-0.9399,0.0625,-0.0674
597,-0.9658,0.0266,0.0217
598,-0.9360,-0.0554,0.0427
599,-0.9097,-0.0291,-0.0732
600,-1.0129,0.0134,0.0229
601,-1.0979,0.0134,0.0662
602,-1.0474,0.1047,-0.1047
603,-1.0383,0.2136,-0.0269
604,-1.0542,0.1201,0.0662
605,-0.9817,-0.0195,-0.0430
606,-1.0063,-0.1104,-0.0459
607,-1.0435,-0.1558,0.0151
608,-0.9595,-0.0913,-0.0811
609,-0.9575,0.0464,-0.0554
610,-0.9856,0.0256,0.0605
611,-0.9250,-0.0610,-0.0479
612,-0.9487,-0.0029,-0.0769
613,-1.0588,0.0898,0.0845
614,-1.0913,0.1143,0.0112
615,-1.0288,0.1772,-0.0918
616,-1.0530,0.1768,0.0059
617,-1.0376,0.0256,0.0300
618,-0.9709,-0.0808,-0.0562
619,-0.9807,-0.1421,-0.0186
620,-0.9924,-0.2173,-0.0190
621,-0.9875,-0.1572,-0.0779
622,-0.9993,-0.0061,0.0161
623,-0.9387,0.0544,0.0400
624,-0.8733,0.0520,-0.0464
625,-0.9836,0.0901,0.0044
626,-1.0542,0.1077,0.0457
627,-1.0415,0.1216,-0.0513
628,-1.0591,0.2161,-0.0300
629,-1.0439,0.2249,0.0332
630,-0.9624,0.0383,-0.0466
631,-0.9517,-0.1204,-0.0852
632,-0.9995,-0.1331,0.0024
633,-1.0190,-0.1062,-0.0120
634,-0.9570,-0.0190,-0.0535
635,-0.9075,0.0840,-0.0127
636,-0.9055,0.0583,-0.0103
637,-0.9019,0.0261,-0.0330
638,-0.9956,0.0337,0.0073
639,-1.0581,-0.0193,0.0471
640,-1.0754,-0.0298,-0.0288
641,-1.0686,0.1018,-0.0112
642,-1.0354,0.1292,0.0393
643,-1.0110,-0.0098,-0.0203
644,-1.0002,-0.1611,-0.0400
645,-1.0210,-0.2480,-0.0183
646,-1.0034,-0.1790,-0.0281
647,-0.9436,0.0369,-0.0625
648,-0.9409,0.1655,0.0134
649,-0.9331,0.0564,0.0413
650,-0.9573,-0.0610,-0.0725
651,-1.0259,-0.0076,0.0022
652,-1.1174,0.0840,0.0493
653,-1.1138,0.1523,-0.0212
654,-1.0845,0.1926,-0.0459
655,-1.0474,0.0879,-0.0171
656,-0.9644,-0.0125,-0.0732
657,-0.9924,-0.0405,-0.0520
658,-1.0454,-0.0352,0.0300
659,-0.9775,-0.0371,-0.0337
660,-0.8940,0.0422,-0.0845
661,-0.9146,0.0996,0.0049
662,-0.9290,0.0107,0.0266
663,-0.9556,-0.0425,-0.0459
664,-1.0239,-0.0134,-0.0112
665,-1.0754,0.0222,-0.0007
666,-1.0813,0.1165,-0.0208
667,-1.0110,0.2400,-0.0017
668,-1.0112,0.1685,0.0361
669,-0.9924,-0.0007,0.0049
670,-0.9858,-0.1091,-0.0322
671,-0.9946,-0.1638,-0.0266
672,-0.9446,-0.1460,-0.0547
673,-0.8970,-0.0049,-0.0283
674,-0.8948,-0.0132,0.0471
675,-0.9019,-0.1028,-0.0278
676,-0.9397,-0.0620,-0.0530
677,-1.0618,0.0498,0.0684
678,-1.0913,0.1167,0.0566
679,-1.0122,0.1875,-0.0654
680,-1.0122,0.2109,-0.0256
681,-1.0410,0.0842,0.0276
682,-1.0044,-0.0254,-0.0222
683,-1.0325,-0.0713,-0.0176
684,-0.9963,-0.1423,0.0178
685,-0.9436,-0.1516,-0.0627
686,-0.9067,0.0137,-0.0769
687,-0.9280,0.0811,0.0095
688,-0.9719,0.0056,0.0107
689,-1.0112,0.0288,-0.0586
690,-1.0513,0.0874,-0.0078
691,-1.0796,0.1194,0.0151
692,-1.0327,0.2051,-0.0669
693,-1.0168,0.2346,-0.0486
694,-1.0627,0.0652,0.0266
695,-1.0813,-0.0828,-0.0081
696,-1.0237,-0.1455,-0.0286
697,-0.9868,-0.1807,-0.0059
698,-0.9036,-0.1155,-0.0735
699,-0.9192,0.0491,-0.0605
700,-0.9526,0.0378,0.0159
701,-0.9602,-0.0449,-0.0295
702,-0.9946,-0.0198,-0.0347
703,-1.0637,0.0276,0.0627
704,-1.0444,0.0649,0.0010
705,-1.0061,0.1404,-0.0737
706,-1.0793,0.1267,0.0276
707,-1.0754,-0.0142,0.0295
708,-0.9963,-0.0674,-0.0728
709,-1.0117,-0.0754,0.0930
710,-0.9719,-0.1755,0.0393
711,-0.8618,-0.1487,-0.1033
712,-0.9058,0.0190,-0.0884
713,-0.9612,0.0876,0.0005
714,-0.9663,0.0422,-0.0608
715,-1.0200,0.0364,-0.0034
716,-1.0120,0.0288,0.0183
717,-0.9995,0.0835,0.0056
718,-1.0464,0.2080,-0.0034
719,-1.0571,0.2393,0.0083
720,-1.0227,0.1262,-0.0139
721,-1.0051,0.0449,-0.0830
722,-0.9905,0.0010,-0.0098
723,-0.9146,-0.1067,-0.0308
724,-0.9033,-0.0881,-0.0647
725,-0.9907,-0.0012,0.0032
726,-0.9985,-0.0457,0.0574
727,-0.9377,-0.0786,-0.0544
728,-0.9563,0.0271,-0.0518
729,-1.0229,0.1313,0.0649
730,-1.0610,0.1550,-0.0254
731,-1.0583,0.2000,-0.0273
732,-1.0696,0.1873,0.0452
733,-1.0269,0.0554,-0.0247
734,-1.0237,-0.0815,-0.0400
735,-1.0159,-0.1812,0.0593
736,-0.9653,-0.2383,-0.0444
737,-0.9126,-0.1116,-0.0903
738,-0.9751,0.0193,0.0452
739,-0.9731,-0.0254,-0.0049
740,-0.9182,-0.0854,-0.0674
741,-1.0122,-0.0583,-0.0295
742,-1.0405,-0.0122,-0.0039
743,-1.1021,0.0845,-0.0576
744,-1.0779,0.2151,-0.0054
745,-1.0891,0.1443,0.0396
746,-1.0491,-0.0510,0.0081
747,-0.9858,-0.1787,0.0007
748,-0.9800,-0.2258,-0.0103
749,-0.9722,-0.1746,-0.0427
750,-0.9380,0.0239,-0.0742
751,-0.9631,0.1631,-0.0745
752,-0.9829,0.0642,0.0103
753,-0.9651,-0.0381,-0.0022
754,-0.9885,0.0422,-0.0059
755,-1.0190,0.1260,0.0046
756,-1.0386,0.2212,-0.0198
757,-1.0520,0.3528,-0.0120
758,-1.0081,0.2932,-0.0059
759,-0.9995,0.1101,0.0156
760,-0.9995,-0.0476,0.0293
761,-0.9810,-0.1580,-0.0078
762,-0.9507,-0.1824,-0.0598
763,-0.9302,-0.0586,-0.0449
764,-0.9124,0.0200,-0.0176
765,-0.9192,-0.0571,-0.0081
766,-0.9543,-0.0786,-0.0322
767,-1.0278,0.0388,0.0061
768,-1.0647,0.1111,0.0188
769,-1.0112,0.1816,-0.0374
770,-1.0022,0.2141,-0.0295
771,-1.0610,0.0815,0.0508
772,-1.0464,-0.0715,0.0251
773,-1.0063,-0.1731,-0.0002
774,-0.9983,-0.2690,0.0483
775,-0.9641,-0.2573,-0.0303
776,-0.8928,-0.0676,-0.0952
777,-0.9592,0.0466,0.0178
778,-0.9915,0.0042,0.0103
779,-0.9758,0.0525,-0.0559
780,-1.0354,0.1130,-0.0005
781,-1.0571,0.1301,-0.0237
782,-1.0413,0.1775,-0.0471
783,-1.0774,0.2168,0.0222
784,-1.0461,0.0908,-0.0002
785,-1.0103,-0.0513,-0.0654
786,-0.9907,-0.1267,-0.0059
787,-0.9924,-0.1948,-0.0283
788,-0.9583,-0.1218,-0.0872
789,-0.9602,0.0889,-0.0120
790,-0.9829,0.1321,0.0051
791,-0.9058,0.0229,-0.0581
792,-0.9709,0.0105,-0.0452
793,-0.9866,0.0774,-0.0100
794,-1.0461,0.1208,-0.0042
795,-1.0813,0.1663,0.0122
796,-1.0542,0.1621,0.0371
797,-0.9963,0.0547,-0.0151
798,-0.9917,-0.0479,0.0154
799,-1.0139,-0.1409,0.0603
800,-0.9504,-0.2349,0.0144
801,-0.8904,-0.1880,-0.0613
802,-0.9253,-0.0032,0.0115
803,-0.9504,-0.0066,0.0276
804,-0.9946,-0.0791,0.0024
805,-0.9976,-0.0334,-0.0049
806,-1.0278,0.0393,0.0105
807,-1.0930,0.0837,0.0386
808,-1.0630,0.1721,-0.0139
809,-0.9829,0.2004,-0.0601
810,-1.0454,0.1096,-0.0085
811,-1.0239,-0.0105,-0.0032
812,-1.0005,-0.1377,-0.0332
813,-0.9868,-0.1907,-0.0195
814,-0.9771,-0.0474,-0.0557
815,-0.9417,0.1160,-0.0662
816,-0.9888,0.0491,-0.0020
817,-0.9897,-0.0247,-0.0435
818,-0.9546,0.0476,-0.1108
819,-1.0269,0.1262,0.0115
820,-1.0608,0.1401,-0.0012
821,-1.0103,0.2070,-0.0935
822,-1.0286,0.1970,-0.0032
823,-1.0627,0.0413,0.0208
824,-1.0051,-0.0981,-0.0200
825,-0.9983,-0.1951,0.0244
826,-0.9553,-0.1768,-0.0085
827,-0.9045,-0.0457,-0.0864
828,-0.9761,0.0513,0.0198
829,-0.9983,-0.0193,0.0754
830,-0.9370,-0.0291,-0.0405
831,-0.9478,0.0583,-0.0154
832,-1.0454,0.1162,0.0713
833,-1.0571,0.1204,-0.0088
834,-1.0210,0.1851,-0.0386
835,-1.0784,0.0847,0.0332
836,-1.0474,-0.0757,0.0337
837,-0.9731,-0.1501,-0.0117
838,-0.9507,-0.2297,0.0283
839,-0.9653,-0.2363,-0.0273
840,-0.9641,-0.0652,-0.0601
841,-0.9683,0.0508,0.0105
842,-0.9739,-0.0049,-0.0012
843,-0.9856,0.0142,-0.0759
844,-0.9966,0.1255,-0.0315
845,-1.0425,0.1260,-0.0103
846,-1.0591,0.1035,-0.0481
847,-1.0432,0.1658,-0.0303
848,-1.0461,0.1423,-0.0181
849,-1.0142,0.0544,-0.0220
850,-1.0239,-0.0388,-0.0381
851,-0.9963,-0.1211,-0.0093
852,-0.9397,-0.1226,-0.0442
853,-0.9368,0.0381,-0.0637
854,-0.9583,0.1082,-0.0134
855,-0.9788,0.0310,-0.0146
856,-0.9839,0.0007,-0.0361
857,-0.9827,0.0627,-0.0186
858,-1.0278,0.0625,0.0195
859,-1.0249,0.0962,0.0076
860,-0.9817,0.1785,-0.0288
861,-1.0103,0.1069,0.0049
862,-1.0344,-0.0576,0.0378
863,-0.9722,-0.1594,0.0193
864,-0.9270,-0.1968,-0.0049
865,-0.9631,-0.1333,0.0098
866,-1.0083,0.0493,-0.0002
867,-0.9448,0.0581,0.0149
868,-0.9436,-0.0549,-0.0198
869,-0.9722,-0.0356,-0.0134
870,-1.0220,0.0608,0.0342
871,-1.0588,0.0730,0.0447
872,-1.0269,0.0981,-0.0239
873,-0.9937,0.1460,-0.0540
874,-1.0210,0.0911,-0.0090
875,-1.0132,-0.0203,0.0164
876,-0.9995,-0.1428,-0.0134
877,-0.9856,-0.2239,-0.0608
878,-0.9731,-0.1426,-0.0771
879,-0.9897,0.0669,-0.0425
880,-0.9907,0.1353,-0.0259
881,-1.0159,0.0630,-0.0366
882,-0.9917,0.0845,-0.0381
883,-1.0002,0.1575,-0.0527
884,-1.0530,0.1555,-0.0256
885,-1.0063,0.1848,-0.0210
886,-1.0112,0.1565,-0.0540
887,-1.0881,0.0090,0.0073
888,-1.0474,-0.1172,0.0002
889,-0.9458,-0.1721,-0.0781
890,-0.9761,-0.1482,-0.0078
891,-0.9839,-0.0486,-0.0171
892,-0.9319,0.0667,-0.0610
893,-1.0315,0.0371,0.0420
894,-0.9722,0.0034,0.0039
895,-0.9419,0.0154,-0.0537
896,-1.0413,-0.0151,0.0603
897,-1.0571,-0.0215,0.0330
898,-0.9602,0.0559,-0.0789
899,-1.0024,0.0664,0.0330
900,-1.0198,-0.0435,0.0400
901,-0.9797,-0.0884,-0.0542
902,-0.9856,-0.0811,0.0496
903,-0.9556,-0.0569,0.0432
904,-0.9751,0.0161,-0.0332
905,-0.9888,0.0464,0.0610
906,-0.9993,-0.0652,0.0437
907,-0.9485,-0.0967,-0.0974
908,-0.9548,0.0188,-0.0178
909,-1.0061,0.1199,0.0312
910,-0.9800,0.1489,-0.0847
911,-1.0176,0.2415,-0.0259
912,-1.0325,0.2839,0.0215
913,-0.9897,0.1736,-0.0549
914,-1.0325,0.0193,0.0059
915,-1.0591,-0.1318,0.0442
916,-0.9915,-0.2114,-0.0759
917,-0.9583,-0.0791,-0.0500
918,-0.9895,0.0715,0.0103
919,-0.9358,0.0420,-0.0820
920,-0.9612,0.0029,-0.0520
921,-1.0229,0.0640,0.0276
922,-0.9922,0.1328,-0.0366
923,-1.0337,0.1948,-0.0154
924,-1.0522,0.2766,0.0188
925,-0.9971,0.1741,-0.0510
926,-1.0220,-0.0615,-0.0056
927,-1.0151,-0.2502,0.0444
928,-0.9778,-0.3589,-0.0276
929,-1.0032,-0.3198,-0.0166
930,-1.0012,-0.1003,0.0129
931,-0.9644,0.0483,-0.0518
932,-0.9661,0.0422,-0.0186
933,-0.9624,0.0388,-0.0054
934,-0.9644,0.1060,-0.0269
935,-1.0540,0.0981,0.0432
936,-1.0532,0.0679,0.0293
937,-0.9546,0.0657,-0.0703
938,-1.0557,-0.0129,0.0271
939,-1.0452,-0.1233,0.0479
940,-0.9622,-0.1846,-0.0493
941,-0.9673,-0.1985,-0.0669
942,-1.0044,-0.1157,0.0022
943,-0.9761,0.1001,-0.0913
944,-0.9456,0.2009,-0.0876
945,-1.0217,0.1404,0.0063
946,-1.0129,0.1292,-0.0645
947,-0.9778,0.1853,-0.0674
948,-1.0286,0.1621,0.0603
949,-1.0317,0.1516,-0.0256
950,-0.9604,0.1750,-0.0886
951,-0.9927,0.0654,0.0476
952,-0.9944,-0.1113,-0.0293
953,-1.0042,-0.1858,-0.0349
954,-1.0132,-0.1409,0.0740
955,-0.9543,-0.0090,-0.0559
956,-0.9116,0.1477,-0.1108
957,-0.9993,0.1257,0.0500
958,-0.9846,0.0017,-0.0107
959,-0.9468,-0.0208,-0.0566
960,-1.0425,0.0234,0.0842
961,-1.0562,0.0308,0.0244
962,-0.9563,0.0864,-0.0491
963,-0.9985,0.1401,0.0449
964,-1.0024,0.0088,0.0129
965,-0.9995,-0.1604,-0.0149
966,-1.0649,-0.2327,0.1072
967,-1.0168,-0.2476,-0.0017
968,-0.9067,-0.1387,-0.1184
969,-1.0149,0.0574,0.0161
970,-1.0483,0.0923,0.0134
971,-0.9709,0.0298,-0.0942
972,-0.9771,0.0454,-0.0137
973,-1.0442,0.0737,0.0298
974,-1.0083,0.0703,-0.0833
975,-0.9951,0.1448,-0.0508
976,-1.0581,0.1934,0.0271
977,-1.0383,0.0754,-0.0210
978,-1.0229,-0.0510,-0.0122
979,-1.0471,-0.1030,0.0281
980,-0.9631,-0.1230,-0.0500
981,-0.9680,-0.0632,-0.0928
982,-0.9827,0.0720,-0.0051
983,-0.9456,0.0513,-0.0610
984,-0.9670,-0.0537,-0.0774
985,-0.9944,0.0078,0.0103
986,-0.9807,0.1252,0.0005
987,-0.9829,0.1831,-0.0225
988,-1.0012,0.2100,0.0349
989,-0.9766,0.1584,0.0171
990,-0.9980,-0.0027,0.0059
991,-1.0168,-0.1243,0.0366
992,-1.0295,-0.1824,0.0337
993,-1.0247,-0.2432,0.0195
994,-0.9709,-0.1704,-0.0093
995,-0.9153,0.0229,-0.0151
996,-0.9409,0.0601,-0.0154
997,-0.9937,0.0076,0.0291
998,-0.9866,0.0532,0.0127
999,-1.0012,0.1284,-0.0127
Rate 1607, overflows 0
